[
    {
        "name": "推荐",
        "list": [
            {
                "name": "更新本地包",
                "url": "https://gh-proxy.com/raw.githubusercontent.com/lubin776/tvbox/refs/heads/main/X4/tvboxjueson.zip",
                "icon": "https://gh-proxy.com/raw.githubusercontent.com/lubin776/tvbox/refs/heads/main/X4/lib/jueson.jpg",
                "version": "兼容老设备"
            }
        ]
    },
    {
        "name": "本地包",
        "list": [
            {
                "name": "更新本地包",
                "url": "https://gh-proxy.com/raw.githubusercontent.com/lubin776/tvbox/refs/heads/main/X4/tvboxjueson.zip",
                "icon": "https://gh-proxy.com/raw.githubusercontent.com/lubin776/tvbox/refs/heads/main/X4/lib/jueson.jpg",
                "version": "兼容老设备"
            }
        ]
    }
]