{
  "sites": [
    {
      "key": "jueson",
      "name": "豆瓣",
      "type": 3,
      "api": "csp_Douban",
      "searchable": 0,
      "quickSearch": 0,
      "filterable": 1
    },
    {
      "key": "YGP",
      "name": "新片",
      "type": 3,
      "api": "csp_YGP",
      "searchable": 0,
      "quickSearch": 0,
      "filterable": 1
    },
    {
      "key": "csp_LocalFile",
      "name": "本地",
      "type": 3,
      "api": "csp_LocalFile",
      "searchable": 0,
      "quickSearch": 0,
      "filterable": 1
    },
    {
      "key": "ffBBB",
      "name": "哔站",
      "type": 3,
      "api": "csp_Bili",
      "searchable": 1,
      "quickSearch": 1,
      "filterable": 1,
      "ext": "./lib/bili.json",
      "jar": "./lib/fan.txt;md5;d275081b5b9f999614a1930aa7599cb9"
    },
    {
      "key": "哔哩合集",
      "name": "哔哩",
      "type": 3,
      "api": "csp_Bili",
      "searchable": 1,
      "quickSearch": 1,
      "filterable": 1,
      "style": {
        "type": "rect",
        "ratio": 1.597
      },
      "ext": {
        "cookie": "./lib/bili_cookie.txt",
        "json": "./lib/哔哩合集.json"
      },
      "timeout": 10
    },
    {
      "key": "feifan",
      "name": "非凡资源",
      "type": 1,
      "api": "http://ffzy5.tv/api.php/provide/vod",
      "searchable": 1,
      "quickSearch": 1,
      "filterable": 1
    },
    {
      "key": "wolong",
      "name": "卧龙资源",
      "type": 1,
      "api": "https://wolongzyw.com/api.php/provide/vod",
      "searchable": 1,
      "quickSearch": 1,
      "filterable": 1
    },
    {
      "key": "zuida",
      "name": "最大资源",
      "type": 1,
      "api": "https://api.zuidapi.com/api.php/provide/vod",
      "searchable": 1,
      "quickSearch": 1,
      "filterable": 1
    },
    {
      "key": "baiduyun",
      "name": "百度云资源",
      "type": 1,
      "api": "https://api.apibdzy.com/api.php/provide/vod",
      "searchable": 1,
      "quickSearch": 1,
      "filterable": 1
    },
    {
      "key": "baofeng",
      "name": "暴风资源",
      "type": 1,
      "api": "https://bfzyapi.com/api.php/provide/vod",
      "searchable": 1,
      "quickSearch": 1,
      "filterable": 1
    },
    {
      "key": "jisu",
      "name": "极速资源",
      "type": 1,
      "api": "https://jszyapi.com/api.php/provide/vod",
      "searchable": 1,
      "quickSearch": 1,
      "filterable": 1
    },
    {
      "key": "tianya",
      "name": "天涯资源",
      "type": 1,
      "api": "https://tyyszy.com/api.php/provide/vod",
      "searchable": 1,
      "quickSearch": 1,
      "filterable": 1
    },
    {
      "key": "wujin",
      "name": "无尽资源",
      "type": 1,
      "api": "https://api.wujinapi.com/api.php/provide/vod",
      "searchable": 1,
      "quickSearch": 1,
      "filterable": 1
    },
    {
      "key": "modu",
      "name": "魔都资源",
      "type": 1,
      "api": "https://www.mdzyapi.com/api.php/provide/vod",
      "searchable": 1,
      "quickSearch": 1,
      "filterable": 1
    },
    {
      "key": "sanliuling",
      "name": "360资源",
      "type": 1,
      "api": "https://360zy.com/api.php/provide/vod",
      "searchable": 1,
      "quickSearch": 1,
      "filterable": 1
    },
    {
      "key": "dytt",
      "name": "电影天堂",
      "type": 1,
      "api": "http://caiji.dyttzyapi.com/api.php/provide/vod",
      "searchable": 1,
      "quickSearch": 1,
      "filterable": 1
    },
    {
      "key": "ruyi",
      "name": "如意资源",
      "type": 1,
      "api": "https://cj.rycjapi.com/api.php/provide/vod",
      "searchable": 1,
      "quickSearch": 1,
      "filterable": 1
    },
    {
      "key": "wangwang",
      "name": "旺旺资源",
      "type": 1,
      "api": "https://wwzy.tv/api.php/provide/vod",
      "searchable": 1,
      "quickSearch": 1,
      "filterable": 1
    },
    {
      "key": "hongniu",
      "name": "红牛资源",
      "type": 1,
      "api": "https://www.hongniuzy2.com/api.php/provide/vod",
      "searchable": 1,
      "quickSearch": 1,
      "filterable": 1
    },
    {
      "key": "guangsu",
      "name": "光速资源",
      "type": 1,
      "api": "https://api.guangsuapi.com/api.php/provide/vod",
      "searchable": 1,
      "quickSearch": 1,
      "filterable": 1
    },
    {
      "key": "ikun",
      "name": "iKun资源",
      "type": 1,
      "api": "https://ikunzyapi.com/api.php/provide/vod",
      "searchable": 1,
      "quickSearch": 1,
      "filterable": 1
    },
    {
      "key": "youku",
      "name": "优酷资源",
      "type": 1,
      "api": "https://api.ukuapi.com/api.php/provide/vod",
      "searchable": 1,
      "quickSearch": 1,
      "filterable": 1
    },
    {
      "key": "huya",
      "name": "虎牙资源",
      "type": 1,
      "api": "https://www.huyaapi.com/api.php/provide/vod",
      "searchable": 1,
      "quickSearch": 1,
      "filterable": 1
    },
    {
      "key": "xinlang",
      "name": "新浪资源",
      "type": 1,
      "api": "http://api.xinlangapi.com/xinlangapi.php/provide/vod",
      "searchable": 1,
      "quickSearch": 1,
      "filterable": 1
    },
    {
      "key": "lezi",
      "name": "乐子资源",
      "type": 1,
      "api": "https://cj.lziapi.com/api.php/provide/vod",
      "searchable": 1,
      "quickSearch": 1,
      "filterable": 1
    },
    {
      "key": "haihua",
      "name": "海豚资源",
      "type": 1,
      "api": "https://hhzyapi.com/api.php/provide/vod",
      "searchable": 1,
      "quickSearch": 1,
      "filterable": 1
    },
    {
      "key": "jiangyu",
      "name": "鲸鱼资源",
      "type": 1,
      "api": "https://jyzyapi.com/provide/vod",
      "searchable": 1,
      "quickSearch": 1,
      "filterable": 1
    },
    {
      "key": "aidan",
      "name": "爱蛋资源",
      "type": 1,
      "api": "https://lovedan.net/api.php/provide/vod",
      "searchable": 1,
      "quickSearch": 1,
      "filterable": 1
    },
    {
      "key": "moduzy",
      "name": "魔都影视",
      "type": 1,
      "api": "https://www.moduzy.com/api.php/provide/vod",
      "searchable": 1,
      "quickSearch": 1,
      "filterable": 1
    },
    {
      "key": "feifanapi",
      "name": "非凡API",
      "type": 1,
      "api": "https://api.ffzyapi.com/api.php/provide/vod",
      "searchable": 1,
      "quickSearch": 1,
      "filterable": 1
    },
    {
      "key": "feifancj",
      "name": "非凡采集",
      "type": 1,
      "api": "http://cj.ffzyapi.com/api.php/provide/vod",
      "searchable": 1,
      "quickSearch": 1,
      "filterable": 1
    },
    {
      "key": "feifancj2",
      "name": "非凡采集HTTPS",
      "type": 1,
      "api": "https://cj.ffzyapi.com/api.php/provide/vod",
      "searchable": 1,
      "quickSearch": 1,
      "filterable": 1
    },
    {
      "key": "feifan1",
      "name": "非凡线路1",
      "type": 1,
      "api": "http://ffzy1.tv/api.php/provide/vod",
      "searchable": 1,
      "quickSearch": 1,
      "filterable": 1
    },
    {
      "key": "wolong2",
      "name": "卧龙采集",
      "type": 1,
      "api": "https://collect.wolongzyw.com/api.php/provide/vod",
      "searchable": 1,
      "quickSearch": 1,
      "filterable": 1
    },
    {
      "key": "baofeng2",
      "name": "暴风APP",
      "type": 1,
      "api": "https://app.bfzyapi.com/api.php/provide/vod",
      "searchable": 1,
      "quickSearch": 1,
      "filterable": 1
    },
    {
      "key": "wujin2",
      "name": "无尽ME",
      "type": 1,
      "api": "https://api.wujinapi.me/api.php/provide/vod",
      "searchable": 1,
      "quickSearch": 1,
      "filterable": 1
    },
    {
      "key": "tianyazy",
      "name": "天涯海角",
      "type": 1,
      "api": "https://tyyszyapi.com/api.php/provide/vod",
      "searchable": 1,
      "quickSearch": 1,
      "filterable": 1
    },
    {
      "key": "guangsu2",
      "name": "光速HTTP",
      "type": 1,
      "api": "http://api.guangsuapi.com/api.php/provide/vod",
      "searchable": 1,
      "quickSearch": 1,
      "filterable": 1
    },
    {
      "key": "xinlang2",
      "name": "新浪HTTPS",
      "type": 1,
      "api": "https://api.xinlangapi.com/xinlangapi.php/provide/vod",
      "searchable": 1,
      "quickSearch": 1,
      "filterable": 1
    },
    {
      "key": "yilingba2",
      "name": "1080JSON",
      "type": 1,
      "api": "https://api.1080zyku.com/inc/apijson.php",
      "searchable": 1,
      "quickSearch": 1,
      "filterable": 1
    },
    {
      "key": "lezi2",
      "name": "乐子HTTP",
      "type": 1,
      "api": "http://cj.lziapi.com/api.php/provide/vod",
      "searchable": 1,
      "quickSearch": 1,
      "filterable": 1
    },
    {
      "key": "uku88",
      "name": "U酷资源88",
      "type": 1,
      "api": "https://api.ukuapi88.com/api.php/provide/vod",
      "searchable": 1,
      "quickSearch": 1,
      "filterable": 1
    },
    {
      "key": "wujincc",
      "name": "无尽CC",
      "type": 1,
      "api": "https://api.wujinapi.cc/api.php/provide/vod",
      "searchable": 1,
      "quickSearch": 1,
      "filterable": 1
    },
    {
      "key": "yaya",
      "name": "丫丫点播",
      "type": 1,
      "api": "https://cj.yayazy.net/api.php/provide/vod",
      "searchable": 1,
      "quickSearch": 1,
      "filterable": 1
    },
    {
      "key": "wolongcc",
      "name": "卧龙CC",
      "type": 1,
      "api": "https://collect.wolongzy.cc/api.php/provide/vod",
      "searchable": 1,
      "quickSearch": 1,
      "filterable": 1
    },
    {
      "key": "wujinnet",
      "name": "无尽NET",
      "type": 1,
      "api": "https://api.wujinapi.net/api.php/provide/vod",
      "searchable": 1,
      "quickSearch": 1,
      "filterable": 1
    },
    {
      "key": "wangwangapi",
      "name": "旺旺API",
      "type": 1,
      "api": "https://api.wwzy.tv/api.php/provide/vod",
      "searchable": 1,
      "quickSearch": 1,
      "filterable": 1
    },
    {
      "key": "zuidame",
      "name": "最大点播",
      "type": 1,
      "api": "http://zuidazy.me/api.php/provide/vod",
      "searchable": 1,
      "quickSearch": 1,
      "filterable": 1
    },
    {
      "key": "yinghua",
      "name": "樱花资源",
      "type": 1,
      "api": "https://m3u8.apiyhzy.com/api.php/provide/vod",
      "searchable": 1,
      "quickSearch": 1,
      "filterable": 1
    },
    {
      "key": "bubugao",
      "name": "步步高资源",
      "type": 1,
      "api": "https://api.yparse.com/api/json",
      "searchable": 1,
      "quickSearch": 1,
      "filterable": 1
    },
    {
      "key": "niuniu",
      "name": "牛牛点播",
      "type": 1,
      "api": "https://api.niuniuzy.me/api.php/provide/vod",
      "searchable": 1,
      "quickSearch": 1,
      "filterable": 1
    },
    {
      "key": "suoni",
      "name": "索尼资源",
      "type": 1,
      "api": "https://suoniapi.com/api.php/provide/vod",
      "searchable": 1,
      "quickSearch": 1,
      "filterable": 1
    },
    {
      "key": "maotai",
      "name": "茅台资源",
      "type": 1,
      "api": "https://caiji.maotaizy.cc/api.php/provide/vod",
      "searchable": 1,
      "quickSearch": 1,
      "filterable": 1
    },
    {
      "key": "dbzy",
      "name": "豆瓣资源",
      "type": 1,
      "api": "https://dbzy.tv/api.php/provide/vod",
      "searchable": 1,
      "quickSearch": 1,
      "filterable": 1
    },
    {
      "key": "subo",
      "name": "速博资源",
      "type": 1,
      "api": "https://subocaiji.com/api.php/provide/vod",
      "searchable": 1,
      "quickSearch": 1,
      "filterable": 1
    },
    {
      "key": "jinying",
      "name": "金鹰点播",
      "type": 1,
      "api": "https://jinyingzy.com/api.php/provide/vod",
      "searchable": 1,
      "quickSearch": 1,
      "filterable": 1
    },
    {
      "key": "shandian",
      "name": "閃電资源",
      "type": 1,
      "api": "https://sdzyapi.com/api.php/provide/vod",
      "searchable": 1,
      "quickSearch": 1,
      "filterable": 1
    },
    {
      "key": "piaoling",
      "name": "飘零资源",
      "type": 1,
      "api": "https://p2100.net/api.php/provide/vod",
      "searchable": 1,
      "quickSearch": 1,
      "filterable": 1
    },
    {
      "key": "modudongman",
      "name": "魔都动漫",
      "type": 1,
      "api": "https://caiji.moduapi.cc/api.php/provide/vod",
      "searchable": 1,
      "quickSearch": 1,
      "filterable": 1
    },
    {
      "key": "hongniu3",
      "name": "红牛资源3",
      "type": 1,
      "api": "https://www.hongniuzy3.com/api.php/provide/vod",
      "searchable": 1,
      "quickSearch": 1,
      "filterable": 1
    },
    {
      "key": "suonisd",
      "name": "索尼-闪电",
      "type": 1,
      "api": "https://xsd.sdzyapi.com/api.php/provide/vod",
      "searchable": 1,
      "quickSearch": 1,
      "filterable": 1
    },
    {
      "key": "本地包",
      "name": "下载本地包",
      "type": 3,
      "api": "csp_Market",
      "searchable": 0,
      "changeable": 0,
      "indexs": 0,
      "ext": "./lib/single.json"
    }
  ],
  "parses": [
    {
      "name": "解析聚合",
      "type": 3,
      "url": "Demo"
    },
    {
      "name": "夏夜4k",
      "type": 1,
      "url": "http://8.155.50.80/xiaye.php?url="
    },
    {
      "name": "虾米蓝光",
      "type": 0,
      "url": "https://jx.xmflv.cc/?url="
    }
  ],
  "flags": [
    "youku",
    "优酷",
    "优 酷",
    "优酷视频",
    "qq",
    "腾讯",
    "腾 讯",
    "腾讯视频",
    "iqiyi",
    "qiyi",
    "奇艺",
    "爱奇艺",
    "爱 奇 艺",
    "m1905",
    "xigua",
    "letv",
    "leshi",
    "乐视",
    "乐 视",
    "sohu",
    "搜狐",
    "搜 狐",
    "搜狐视频",
    "tudou",
    "pptv",
    "mgtv",
    "芒果",
    "imgo",
    "芒果TV",
    "芒 果 T V",
    "bilibili",
    "哔 哩",
    "哔 哩 哔 哩"
  ],
  "ijk": [
    {
      "group": "软解码",
      "options": [
        {
          "category": 4,
          "name": "opensles",
          "value": "0"
        },
        {
          "category": 4,
          "name": "overlay-format",
          "value": "842225234"
        },
        {
          "category": 4,
          "name": "framedrop",
          "value": "1"
        },
        {
          "category": 4,
          "name": "soundtouch",
          "value": "1"
        },
        {
          "category": 4,
          "name": "start-on-prepared",
          "value": "1"
        },
        {
          "category": 1,
          "name": "http-detect-range-support",
          "value": "0"
        },
        {
          "category": 1,
          "name": "fflags",
          "value": "fastseek"
        },
        {
          "category": 2,
          "name": "skip_loop_filter",
          "value": "48"
        },
        {
          "category": 4,
          "name": "reconnect",
          "value": "1"
        },
        {
          "category": 4,
          "name": "enable-accurate-seek",
          "value": "0"
        },
        {
          "category": 4,
          "name": "mediacodec",
          "value": "0"
        },
        {
          "category": 4,
          "name": "mediacodec-auto-rotate",
          "value": "0"
        },
        {
          "category": 4,
          "name": "mediacodec-handle-resolution-change",
          "value": "0"
        },
        {
          "category": 4,
          "name": "mediacodec-hevc",
          "value": "0"
        },
        {
          "category": 1,
          "name": "dns_cache_timeout",
          "value": "600000000"
        }
      ]
    },
    {
      "group": "硬解码",
      "options": [
        {
          "category": 4,
          "name": "opensles",
          "value": "0"
        },
        {
          "category": 4,
          "name": "overlay-format",
          "value": "842225234"
        },
        {
          "category": 4,
          "name": "framedrop",
          "value": "1"
        },
        {
          "category": 4,
          "name": "soundtouch",
          "value": "1"
        },
        {
          "category": 4,
          "name": "start-on-prepared",
          "value": "1"
        },
        {
          "category": 1,
          "name": "http-detect-range-support",
          "value": "0"
        },
        {
          "category": 1,
          "name": "fflags",
          "value": "fastseek"
        },
        {
          "category": 2,
          "name": "skip_loop_filter",
          "value": "48"
        },
        {
          "category": 4,
          "name": "reconnect",
          "value": "1"
        },
        {
          "category": 4,
          "name": "enable-accurate-seek",
          "value": "0"
        },
        {
          "category": 4,
          "name": "mediacodec",
          "value": "1"
        },
        {
          "category": 4,
          "name": "mediacodec-auto-rotate",
          "value": "1"
        },
        {
          "category": 4,
          "name": "mediacodec-handle-resolution-change",
          "value": "1"
        },
        {
          "category": 4,
          "name": "mediacodec-hevc",
          "value": "1"
        },
        {
          "category": 1,
          "name": "dns_cache_timeout",
          "value": "600000000"
        }
      ]
    }
  ],
  "ads": [
    "static-mozai.4gtv.tv"
  ],
  "wallpaper": "http://饭太硬.ga/深色壁纸/api.php",
  "logo": "https://gh-proxy.com/raw.githubusercontent.com/lubin776/tvbox/refs/heads/main/X4/lib/jueson.jpg",
  "spider": "./spider.jar"
}